,month_date_yyyymm,county_fips,county_name,median_listing_price,median_listing_price_mm,median_listing_price_yy,active_listing_count,active_listing_count_mm,active_listing_count_yy,median_days_on_market,median_days_on_market_mm,median_days_on_market_yy,new_listing_count,new_listing_count_mm,new_listing_count_yy,price_increased_count,price_increased_count_mm,price_increased_count_yy,price_increased_share,price_increased_share_mm,price_increased_share_yy,price_reduced_count,price_reduced_count_mm,price_reduced_count_yy,price_reduced_share,price_reduced_share_mm,price_reduced_share_yy,pending_listing_count,pending_listing_count_mm,pending_listing_count_yy,median_listing_price_per_square_foot,median_listing_price_per_square_foot_mm,median_listing_price_per_square_foot_yy,median_square_feet,median_square_feet_mm,median_square_feet_yy,average_listing_price,average_listing_price_mm,average_listing_price_yy,total_listing_count,total_listing_count_mm,total_listing_count_yy,pending_ratio,pending_ratio_mm,pending_ratio_yy,quality_flag,state,country
0,202510,12021,"collier, fl",699497.0,0.0138,-0.0661,5635,0.0651,0.1217,93.0,-0.1806,0.0751,1544,0.6321,0.0518,32,-0.0588,-0.3333,0.0039,-0.0007,-0.0026,1108.0,0.1102,0.0552,0.1369,-0.0007,-0.0064,940.0,-0.0776,0.1112,401.0,0.0044,-0.0588,1794.0,0.013,0.0041,1592277.0,0.013,-0.1185,6568,0.0411,0.1208,0.1667,-0.0258,-0.0016,0,Non-State,Non-Nation
1,202510,12121,"suwannee, fl",369250.0,-0.0196,0.0075,128,-0.0266,0.4066,106.0,0.122,0.2589,22,-0.2143,0.8333,2,-0.0238,-0.24659999999999999,0.0098,0.0098,0.0098,42.0,0.3125,1.1,0.2439,0.0612,0.0882,24.0,-0.1864,-0.0588,216.0,-0.0143,0.0171,1782.0,0.0034,0.0292,455180.0,-0.0023,-0.1085,152,-0.0531,0.3004,0.1875,-0.0368,-0.0927,1,Non-State,Non-Nation
2,202510,12097,"osceola, fl",425000.0,-0.0035,-0.0105,4215,0.0072,0.0886,92.0,-0.016,0.122,984,0.1284,-0.0593,78,0.3448,-0.3276,0.0125,0.0029,-0.0066,1330.0,0.131,0.1466,0.2115,0.0178,0.0203,1008.0,-0.0549,-0.1266,217.0,-0.0031,-0.0399,1914.0,0.0,0.0063,511384.0,0.002,-0.0126,5228,-0.0035,0.0414,0.2391,-0.0157,-0.0589,0,Non-State,Non-Nation
3,202510,12099,"palm beach, fl",495000.0,0.0206,-0.0341,12347,0.0096,0.0352,82.0,-0.0632,0.1088,3188,0.0993,0.0337,144,0.1429,0.2414,0.0079,0.0009,0.0013,3292.0,0.0224,-0.0266,0.1788,-0.0014,-0.013,2807.0,-0.0223,0.0669,306.0,0.0132,-0.0233,1499.0,0.0054,-0.0017,1403587.0,0.0552,0.0753,15147,0.0053,0.0412,0.2273,-0.0074,0.0068,0,Non-State,Non-Nation
4,202510,12007,"bradford, fl",349900.0,0.0006,0.0605,78,-0.0064,-0.0549,89.0,-0.0432,0.1132,22,0.375,0.2222,0,-0.0238,-0.24659999999999999,0.0,0.0,0.0,26.0,-0.0714,0.0,0.2127,-0.0136,0.0123,28.0,-0.2143,-0.0833,204.0,0.0259,0.0362,1815.0,-0.0015,0.0736,414911.0,0.0122,0.159,104,-0.0673,-0.0714,0.3548,-0.0939,-0.011,0,Non-State,Non-Nation
5,202510,12075,"levy, fl",349000.0,-0.0026,0.0117,269,0.0151,0.4169,113.0,0.0918,0.1133,50,0.3889,0.6667,2,-0.0238,-0.24659999999999999,0.0055,0.0055,0.0055,64.0,0.1034,0.7778,0.183,0.0038,0.0409,32.0,-0.0588,-0.0725,232.0,-0.0037,0.0174,1513.0,-0.0153,0.0286,450948.0,-0.0046,0.0116,299,0.0034,0.3356,0.1192,-0.0094,-0.0629,0,Non-State,Non-Nation
6,202510,12107,"putnam, fl",311351.0,0.039,-0.0194,329,0.0123,0.0699,82.0,-0.0523,0.0382,64,-0.0588,-0.0588,0,-1.0,-1.0,0.0,-0.0041,-0.0087,102.0,-0.0893,0.186,0.2194,-0.0159,0.0316,80.0,0.0392,-0.0479,205.0,0.0184,-0.0251,1545.0,0.0019,-0.0453,411001.0,0.0174,-0.0361,407,0.015,0.0423,0.2416,0.0063,-0.0299,0,Non-State,Non-Nation
7,202510,12017,"citrus, fl",309325.0,-0.0125,-0.0409,1819,0.0108,0.3571,85.0,0.0,0.1039,452,0.0273,0.1024,10,-0.5,-0.375,0.0039,-0.0036,-0.0036,622.0,-0.046,0.467,0.2404,-0.0011,0.0429,410.0,-0.0756,0.0149,185.0,-0.0023,-0.048,1685.0,-0.003,0.0135,389534.0,-0.0074,-0.0276,2211,-0.0099,0.2736,0.2252,-0.0211,-0.0759,0,Non-State,Non-Nation
8,202510,12113,"santa rosa, fl",398500.0,0.0153,0.0134,1209,0.0105,0.0294,70.0,-0.0211,-0.0347,396,0.0588,0.0154,44,0.5714,-0.2143,0.0208,0.0073,-0.0066,480.0,-0.0769,0.1009,0.2319,-0.0198,0.0191,493.0,-0.0645,0.0061,209.0,0.0021,0.0223,1949.0,0.0122,0.0223,560380.0,0.0202,0.0488,1693,-0.0157,0.0208,0.4079,-0.0327,-0.0094,0,Non-State,Non-Nation
9,202510,12109,"st. johns, fl",535000.0,-0.0102,-0.0065,2548,-0.0486,-0.0288,89.0,0.0057,0.1346,624,-0.0574,-0.1811,32,-0.0588,-0.4074,0.0079,0.0002,-0.0045,1018.0,-0.0286,0.0538,0.2429,0.0022,0.0212,957.0,-0.0627,-0.0279,266.0,-0.0095,-0.0233,2013.0,-0.0076,0.0465,771061.0,-0.0006,0.045,3507,-0.0519,-0.025,0.3755,-0.0057,0.0003,0,Non-State,Non-Nation
10,202510,12001,"alachua, fl",324925.0,-0.0047,-0.0624,1108,0.0036,0.1585,84.0,0.05,0.1429,244,-0.1286,-0.0081,8,0.0,-0.6364,0.0047,0.0001,-0.0098,356.0,-0.0964,0.1634,0.2084,-0.0164,0.0064,336.0,-0.0482,0.065,203.0,-0.0077,-0.0267,1590.0,0.0059,-0.0197,422158.0,-0.0087,-0.028,1439,-0.0107,0.134,0.3034,-0.0165,-0.0266,0,Non-State,Non-Nation
11,202510,12071,"lee, fl",399900.0,0.0,-0.0692,11040,0.0346,0.1333,91.0,-0.0995,0.0838,2774,0.3222,0.1114,136,0.2143,-0.1282,0.0086,0.0011,-0.0023,3180.0,0.1213,0.0433,0.2015,0.0112,-0.0125,2042.0,-0.0531,0.0084,244.0,-0.0004,-0.0605,1670.0,0.0009,-0.013,622961.0,0.0179,-0.0615,13039,0.0185,0.1104,0.185,-0.0171,-0.0229,0,Non-State,Non-Nation
12,202510,12019,"clay, fl",370373.0,0.0037,-0.0136,985,-0.0238,-0.0194,71.0,0.029,-0.047,320,-0.0805,0.0,88,3.0,-0.4054,0.0523,0.0398,-0.0326,446.0,-0.1116,-0.0935,0.2618,-0.0242,-0.0204,406.0,-0.011,-0.0402,190.0,0.0043,-0.0223,1895.0,-0.0007,-0.0186,433601.0,0.0074,-0.0088,1393,-0.018,-0.0218,0.4124,0.0054,-0.0089,0,Non-State,Non-Nation
13,202510,12117,"seminole, fl",399900.0,0.0003,-0.0352,1534,-0.0448,-0.0113,71.0,0.0519,0.1545,546,0.1471,-0.0554,14,-0.3636,-0.4167,0.0053,-0.0032,-0.0034,690.0,-0.1288,-0.131,0.2646,-0.037,-0.024,554.0,0.0036,-0.1129,233.0,-0.0037,-0.0243,1706.0,0.0006,-0.012,493394.0,0.0143,-0.0392,2088,-0.0322,-0.0393,0.3611,0.0174,-0.0414,0,Non-State,Non-Nation
14,202510,12111,"st. lucie, fl",419950.0,0.0059,-0.0324,2975,0.023,0.0771,84.0,0.003,0.1552,752,0.0135,-0.0359,58,0.7059,1.2308,0.013,0.0057,0.0069,950.0,0.0747,0.0626,0.2105,0.0147,0.0011,761.0,-0.0725,0.0375,236.0,0.0004,-0.0316,1756.0,-0.002,-0.0189,524275.0,0.0026,-0.0471,3730,0.0019,0.0689,0.2558,-0.0264,-0.0098,0,Non-State,Non-Nation
15,202510,12059,"holmes, fl",293500.0,-0.0084,0.0716,48,0.0106,-0.0306,77.0,-0.2376,-0.2183,12,0.0,0.0,0,-0.0238,-0.24659999999999999,0.0,0.0,0.0,8.0,0.0,-0.5556,0.1245,0.0191,-0.1433,13.0,-0.1613,1.0,184.0,0.0306,0.061,1781.0,0.0368,0.0681,370428.0,-0.0067,0.0944,60,-0.0476,0.0811,0.2737,-0.0561,0.141,0,Non-State,Non-Nation
16,202510,12045,"gulf, fl",679200.0,-0.0184,-0.0081,359,-0.0503,0.1014,123.0,0.1036,-0.0081,36,-0.0526,0.0588,0,-1.0,-1.0,0.0,-0.0042,-0.0197,76.0,0.0857,0.1875,0.1691,0.0168,0.0111,46.0,-0.2459,-0.0213,368.0,-0.0362,-0.1041,1838.0,0.0014,0.0227,898739.0,-0.0097,-0.059,403,-0.0768,0.0834,0.1283,-0.0333,-0.0161,0,Non-State,Non-Nation
17,202510,12051,"hendry, fl",349200.0,0.0093,-0.0326,273,0.0264,0.1378,77.0,-0.1743,-0.1047,70,0.25,0.5909,12,0.5,-0.6842,0.0303,0.0106,-0.076,88.0,0.0732,1.0,0.2361,0.0252,0.113,45.0,0.0345,-0.4,220.0,0.003,-0.0257,1609.0,0.0276,-0.0317,433178.0,-0.0057,-0.0766,319,0.0324,0.0159,0.1651,0.0013,-0.148,0,Non-State,Non-Nation
18,202510,12115,"sarasota, fl",474500.0,0.005,0.0237,4706,0.0085,0.1325,92.0,-0.1117,0.0281,1366,0.3109,-0.0044,54,-0.1563,0.125,0.0072,-0.0018,0.0001,1484.0,0.1091,0.2045,0.1993,0.0099,0.0164,1354.0,-0.0117,0.1181,275.0,-0.0008,-0.0222,1706.0,0.0003,0.014,969900.0,0.0301,0.1425,6060,0.0044,0.1299,0.2877,-0.0059,-0.0037,0,Non-State,Non-Nation
19,202510,12015,"charlotte, fl",379450.0,0.0012,-0.0248,3553,0.0276,0.1012,100.0,-0.0913,0.0474,808,0.1576,-0.0404,52,0.0833,-0.1034,0.0103,0.0005,-0.002,1134.0,0.1643,0.1912,0.2241,0.0274,0.0216,685.0,-0.1145,0.0729,221.0,0.0021,-0.0586,1725.0,0.0119,0.0174,489797.0,0.0184,0.0124,4219,-0.0019,0.0931,0.1927,-0.0309,-0.0051,0,Non-State,Non-Nation
20,202510,12013,"calhoun, fl",299000.0,-0.0173,0.0084,31,-0.0746,0.0,99.0,-0.1041,0.375,6,2.0,2.0,0,-0.0238,-0.24659999999999999,0.0,0.0,0.0,10.0,0.0,0.6667,0.1941,-0.0255,0.04,10.0,-0.1364,0.7273,144.0,-0.0516,-0.0345,1521.0,-0.0372,-0.2049,328545.0,-0.032,-0.0142,42,-0.0568,0.137,0.3065,-0.0219,0.129,1,Non-State,Non-Nation
21,202510,12009,"brevard, fl",375000.0,-0.0106,-0.0408,4089,-0.0199,0.0358,75.0,0.0067,0.087,1130,0.0162,-0.0191,82,-0.0465,-0.2407,0.0125,-0.0003,-0.0044,1668.0,0.0097,0.0464,0.258,0.0084,0.0079,1288.0,-0.0272,-0.0066,226.0,-0.0089,-0.0322,1737.0,0.0038,-0.0083,495488.0,-0.0066,-0.0343,5356,-0.0205,0.0257,0.315,-0.0024,-0.0134,0,Non-State,Non-Nation
22,202510,12031,"duval, fl",299950.0,-0.0166,-0.0478,4414,-0.0019,0.0613,70.0,0.0072,0.112,1388,-0.0307,-0.1325,88,-0.2143,-0.3529,0.012,-0.0027,-0.0064,2132.0,-0.0028,0.0095,0.2893,0.0093,0.0046,1601.0,-0.0599,-0.0384,189.0,-0.0049,-0.0348,1558.0,-0.0038,-0.0146,421544.0,-0.0237,-0.0254,6006,-0.0188,0.0321,0.3626,-0.0224,-0.0376,0,Non-State,Non-Nation
23,202510,12127,"volusia, fl",372450.0,-0.0068,-0.0132,4573,-0.0333,0.0158,88.0,-0.0358,0.0736,1020,-0.0097,-0.1356,56,-0.2432,-0.0667,0.0084,-0.0022,-0.0004,1538.0,-0.0375,-0.0553,0.2281,-0.001,-0.0104,1109.0,-0.0877,-0.0513,232.0,-0.0099,-0.0494,1607.0,-0.0029,0.0085,486340.0,-0.0127,-0.0325,5657,-0.0456,0.0018,0.2424,-0.0144,-0.0172,0,Non-State,Non-Nation
24,202510,12087,"monroe, fl",1266000.0,0.0128,0.0014,1176,0.0389,0.0103,104.0,-0.1266,-0.0282,262,0.5976,0.0826,12,0.5,0.2,0.0075,0.0019,0.0011,204.0,0.0515,-0.0893,0.1254,-0.0082,-0.018,162.0,-0.0716,0.0157,871.0,0.0014,-0.0291,1548.0,0.0181,0.0218,2401423.0,0.0391,0.0014,1331,0.0235,0.008,0.1378,-0.0164,0.0007,0,Non-State,Non-Nation
25,202510,12035,"flagler, fl",416250.0,-0.0066,-0.0189,1444,-0.0437,0.0234,97.0,0.0,0.2081,312,0.047,-0.1136,42,0.75,-0.5227,0.0192,0.0083,-0.0222,542.0,0.084,-0.0252,0.2472,0.0201,-0.0142,402.0,-0.0207,0.075,222.0,-0.0002,-0.0169,1905.0,0.0074,0.0058,558348.0,0.0012,0.0154,1843,-0.0348,0.038,0.2781,0.0065,0.0133,0,Non-State,Non-Nation
26,202510,12049,"hardee, fl",321688.0,0.1007,-0.0483,61,-0.032,0.2872,62.0,0.0513,-0.1961,14,0.0,-0.3636,0,-0.0238,-0.24659999999999999,0.0,0.0,0.0,16.0,0.0,0.3333,0.1818,0.0052,0.0446,16.0,0.0,-0.1351,188.0,0.0174,-0.059,1715.0,0.0254,-0.0363,469177.0,0.2844,0.0636,75,-0.0132,0.1374,0.2645,0.0085,-0.1292,0,Non-State,Non-Nation
27,202510,12041,"gilchrist, fl",352225.0,0.0797,0.0071,65,-0.0719,0.0488,114.0,-0.0299,0.4188,16,0.1429,-0.2,0,-0.0238,-1.0,0.0,0.0,-0.0969,16.0,0.3333,1.6667,0.1694,0.0494,0.1099,16.0,0.0,-0.2558,217.0,-0.0095,0.0108,1529.0,0.0401,-0.0538,434453.0,0.0204,0.0215,80,-0.0588,-0.0303,0.2481,0.0178,-0.1015,0,Non-State,Non-Nation
28,202510,12086,"miami-dade, fl",599000.0,0.0034,-0.0484,18591,0.0072,0.1899,89.0,-0.0484,0.2123,3580,0.0107,-0.0564,198,0.0421,0.1379,0.0078,0.0003,0.0001,3720.0,0.0789,0.1596,0.1479,0.0116,0.0062,3144.0,-0.028,-0.0251,466.0,0.0031,-0.0546,1324.0,0.0044,0.0011,1443022.0,0.0122,-0.0431,21732,0.0022,0.1532,0.1691,-0.0061,-0.0373,0,Non-State,Non-Nation
29,202510,12003,"baker, fl",356000.0,0.0405,0.0748,67,-0.0699,0.0472,75.0,0.0205,0.024,14,-0.125,0.1667,0,-0.0238,-0.24659999999999999,0.0,0.0,0.0,26.0,0.0,0.0833,0.2688,0.0224,0.0135,24.0,0.093,0.2703,199.0,0.0212,-0.0232,1860.0,-0.0185,0.0642,421703.0,-0.0096,0.0143,90,-0.0324,0.0915,0.3534,0.0527,0.062,0,Non-State,Non-Nation
30,202510,12027,"desoto, fl",339750.0,-0.1012,-0.097,111,-0.0089,0.0091,74.0,-0.1404,-0.1503,16,-0.4286,-0.6,0,-1.0,-1.0,0.0,-0.011,-0.0106,28.0,0.0,0.0769,0.1924,0.0289,0.0538,21.0,-0.2931,-0.4533,218.0,-0.028,-0.0295,1551.0,-0.0917,0.0297,530493.0,-0.0759,0.2233,132,-0.0674,-0.1085,0.1847,-0.0742,-0.1562,0,Non-State,Non-Nation
31,202510,12073,"leon, fl",325000.0,-0.0107,0.0656,915,0.0116,0.1869,58.0,-0.0043,0.055,312,0.1223,0.0065,12,-0.25,0.2,0.0078,-0.0024,0.0005,244.0,-0.0081,0.0702,0.1566,-0.0027,-0.0091,301.0,-0.0399,0.0101,201.0,0.0062,0.0252,1635.0,0.0055,0.0504,415552.0,0.0116,0.1101,1215,-0.0057,0.1392,0.3286,-0.0176,-0.0575,0,Non-State,Non-Nation
32,202510,12005,"bay, fl",411450.0,-0.0127,-0.0487,2857,-0.0426,0.0698,104.0,-0.0372,0.0725,554,-0.0348,0.2311,36,-0.4706,0.125,0.0092,-0.0072,0.0002,882.0,0.0601,0.1337,0.2256,0.0221,0.0076,526.0,-0.0924,0.1537,364.0,0.0499,0.1153,1472.0,0.0276,0.0301,574930.0,-0.0094,-0.0401,3375,-0.0591,0.0819,0.1839,-0.0101,0.0134,0,Non-State,Non-Nation
33,202510,12077,"liberty, fl",259750.0,0.1343,-0.1914,15,-0.0625,0.875,72.0,0.007,0.9459,2,-0.5,0.0,0,-0.0238,-0.24659999999999999,0.0,0.0,0.0,0.0,0.0515,-1.0,0.0,0.0,-0.3538,4.0,0.1429,1.6667,173.0,-0.0125,-0.0925,1720.0,0.022,0.0427,270960.0,-0.0316,-0.1309,18,-0.0789,0.8421,0.2667,0.0479,0.0792,1,Non-State,Non-Nation
34,202510,12069,"lake, fl",400000.0,-0.0183,-0.0302,2427,-0.0041,0.12,79.0,0.0261,0.2362,678,-0.0451,-0.0661,80,1.3529,0.0,0.0202,0.0117,-0.0014,974.0,0.0822,-0.0142,0.245,0.0187,-0.0209,856.0,-0.0234,0.0382,214.0,-0.0019,-0.0168,1920.0,-0.0057,0.0012,521516.0,-0.006,0.0125,3282,-0.0074,0.0977,0.3525,-0.007,-0.0278,0,Non-State,Non-Nation
35,202510,12081,"manatee, fl",475000.0,-0.0068,-0.013,3433,0.0079,0.1339,91.0,-0.0521,0.1166,992,0.1698,0.0333,30,-0.4444,-0.3182,0.0055,-0.0045,-0.0032,1252.0,0.1636,0.1341,0.2289,0.0281,0.0114,1055.0,-0.0664,-0.0317,261.0,-0.0047,-0.0286,1805.0,0.0004,0.0001,756965.0,-0.0096,-0.0026,4491,-0.0099,0.0909,0.3073,-0.0245,-0.0526,0,Non-State,Non-Nation
36,202510,12011,"broward, fl",399250.0,-0.0016,-0.0483,16208,-0.0075,0.1405,87.0,-0.0281,0.1931,3370,0.0518,-0.0491,142,-0.1013,-0.0533,0.0062,-0.0007,-0.0009,3932.0,0.0067,-0.0121,0.1732,0.0028,-0.0166,3142.0,-0.0177,-0.0247,309.0,-0.0031,-0.0391,1219.0,-0.0033,-0.0049,778354.0,0.0105,-0.0516,19371,-0.0078,0.1115,0.1938,-0.002,-0.0328,0,Non-State,Non-Nation
37,202510,12029,"dixie, fl",291500.0,0.0052,-0.0797,97,-0.0203,0.1988,80.0,-0.0647,-0.2319,8,-0.7333,0.0,0,-1.0,-0.24659999999999999,0.0,-0.0132,0.0,14.0,-0.125,0.4,0.1162,0.0076,0.0095,7.0,-0.44,0.1667,230.0,0.0,0.0972,1275.0,0.0119,0.0024,381050.0,-0.0272,0.013,104,-0.0591,0.1965,0.0725,-0.0544,-0.002,0,Non-State,Non-Nation
38,202510,12057,"hillsborough, fl",438500.0,-0.0024,0.0259,6372,-0.0064,0.1572,75.0,0.0204,0.087,1844,-0.0436,-0.0505,78,-0.025,-0.25,0.0077,-0.0001,-0.0032,2884.0,-0.0048,0.1849,0.2834,0.0047,0.0289,1960.0,-0.0439,-0.0742,242.0,-0.002,0.0133,1828.0,-0.0045,0.0086,654794.0,-0.0043,0.0478,8329,-0.0156,0.0931,0.3076,-0.0121,-0.0769,0,Non-State,Non-Nation
39,202510,12091,"okaloosa, fl",427538.0,-0.0057,-0.0051,2027,-0.0236,0.0047,92.0,-0.0108,0.0455,414,-0.0841,-0.0417,14,-0.125,-0.7941,0.0048,-0.0005,-0.0185,622.0,0.0065,0.0836,0.2085,0.0024,0.0116,504.0,-0.0108,0.0862,265.0,-0.0073,-0.0191,1689.0,0.0143,0.0055,687702.0,-0.0001,0.0077,2532,-0.0237,0.0208,0.2486,0.0032,0.0187,0,Non-State,Non-Nation
40,202510,12063,"jackson, fl",272425.0,0.0583,0.0478,165,0.0611,0.2548,92.0,-0.0187,0.2105,46,0.0952,0.5333,0,-0.0238,-1.0,0.0,0.0,-0.0099,52.0,0.1818,0.2381,0.2041,0.0234,-0.0037,37.0,-0.1889,-0.1098,126.0,-0.1122,-0.1375,1538.0,-0.0703,-0.1438,321544.0,0.0333,0.0817,202,0.0025,0.1715,0.2212,-0.0682,-0.0906,0,Non-State,Non-Nation
41,202510,12023,"columbia, fl",354950.0,-0.0119,0.0207,266,0.035,0.4225,94.0,0.0833,0.2401,46,-0.1786,0.15,0,-1.0,-1.0,0.0,-0.0108,-0.0066,86.0,0.1944,1.5294,0.2372,0.0375,0.1178,51.0,-0.1855,-0.1293,189.0,-0.0121,0.0179,1827.0,-0.0046,0.0022,467569.0,-0.0127,0.1509,317,-0.0047,0.2971,0.1898,-0.0514,-0.1203,0,Non-State,Non-Nation
42,202510,12053,"hernando, fl",356288.0,-0.0097,-0.0009,1403,0.0126,0.1871,83.0,0.0506,0.2481,422,0.099,-0.1134,22,-0.0833,-0.2143,0.0096,-0.001,-0.0035,602.0,0.1066,0.2809,0.2559,0.0168,0.036,511.0,-0.0202,0.0397,198.0,-0.0006,-0.0265,1826.0,-0.0027,-0.0001,418375.0,-0.0144,-0.0285,1904,0.0032,0.146,0.364,-0.0122,-0.0516,0,Non-State,Non-Nation
43,202510,12043,"glades, fl",338675.0,0.0113,-0.0039,66,0.0,0.0076,107.0,-0.1044,-0.0911,10,-0.4444,-0.5,0,-0.0238,-0.24659999999999999,0.0,0.0,0.0,10.0,0.25,-0.2857,0.1236,0.0379,-0.0223,6.0,-0.4762,-0.45,226.0,0.0066,-0.0333,1550.0,0.0075,0.0557,424749.0,0.0826,-0.0045,72,-0.0592,-0.053,0.0833,-0.0758,-0.0693,0,Non-State,Non-Nation
44,202510,12065,"jefferson, fl",450749.0,0.0682,-0.0599,44,-0.0435,0.2055,68.0,0.3171,-0.0816,12,0.5,0.0,0,-0.0238,-0.24659999999999999,0.0,0.0,0.0,14.0,0.4,-0.125,0.202,0.0709,-0.0863,19.0,0.2667,1.7143,204.0,0.0288,-0.0693,2184.0,0.0763,-0.0683,508832.0,0.0386,-0.1147,63,0.0328,0.4483,0.4318,0.1057,0.24,0,Non-State,Non-Nation
45,202510,12129,"wakulla, fl",330475.0,-0.0393,0.0032,217,-0.027,0.1018,64.0,0.219,0.0159,50,-0.1935,-0.1379,2,0.0,-0.6667,0.0056,0.0004,-0.0114,56.0,0.3333,0.1667,0.1638,0.051,0.025,78.0,-0.1389,-0.153,198.0,-0.0044,0.0408,1523.0,-0.0256,-0.0436,398250.0,0.0139,0.0264,295,-0.056,0.0243,0.358,-0.0465,-0.1077,0,Non-State,Non-Nation
46,202510,12089,"nassau, fl",587495.0,-0.0192,-0.0715,798,-0.0556,0.1053,81.0,0.0321,-0.0123,164,-0.2613,-0.2336,48,7.0,-0.3143,0.0405,0.0361,-0.0162,276.0,-0.0282,0.0534,0.2217,0.0065,0.0088,257.0,-0.0805,-0.1588,301.0,0.0028,-0.033,2059.0,-0.0021,-0.017,833301.0,0.0162,-0.0416,1047,-0.0619,0.0295,0.3221,-0.0087,-0.1011,0,Non-State,Non-Nation
47,202510,12039,"gadsden, fl",300000.0,-0.0734,-0.0323,99,-0.0248,0.0944,54.0,-0.0882,-0.1903,18,-0.4,-0.6087,0,-0.0238,-0.24659999999999999,0.0,0.0,0.0,26.0,0.1818,0.3,0.1861,0.0421,0.0712,27.0,0.0392,-0.3205,169.0,-0.0048,-0.0065,1861.0,-0.0183,0.0559,361199.0,-0.0523,0.0699,125,-0.0119,-0.0272,0.269,0.0166,-0.1643,0,Non-State,Non-Nation
48,202510,12133,"washington, fl",313920.0,0.0836,0.1192,88,-0.033,0.1503,83.0,-0.1266,0.0153,34,-0.2609,-0.2609,2,-0.0238,0.0,0.012,0.012,0.0001,40.0,0.0526,0.3333,0.2422,0.0096,0.0409,32.0,-0.0303,0.1852,162.0,0.0227,-0.041,1756.0,0.0053,0.0555,385149.0,0.0545,0.1079,120,-0.0204,0.1594,0.3636,0.001,0.0107,0,Non-State,Non-Nation
49,202510,12085,"martin, fl",496250.0,-0.0051,-0.0401,1395,0.0065,0.1028,87.0,-0.0598,0.1849,394,0.1939,-0.0199,14,0.1667,2.5,0.0067,0.0008,0.0046,372.0,-0.0211,-0.0313,0.1778,-0.01,-0.0191,311.0,-0.0416,0.0912,292.0,0.0007,-0.031,1640.0,-0.0144,0.0171,1195593.0,0.0252,0.0906,1707,-0.0026,0.1024,0.2229,-0.0112,-0.0024,0,Non-State,Non-Nation
50,202510,12093,"okeechobee, fl",346238.0,-0.0078,-0.0093,182,0.0612,0.3946,90.0,-0.0884,0.2114,48,0.5,0.3333,0,-0.0238,-0.24659999999999999,0.0,0.0,0.0,38.0,-0.1364,0.5833,0.1434,-0.0542,0.0285,32.0,0.0159,-0.2471,233.0,0.0106,0.0212,1540.0,-0.0146,-0.0082,445072.0,-0.0168,-0.3913,215,0.0697,0.2428,0.1758,-0.0078,-0.1498,0,Non-State,Non-Nation
51,202510,12131,"walton, fl",892725.0,0.0065,-0.0454,2593,-0.0027,0.1206,108.0,-0.0159,0.0459,464,0.0311,0.2406,30,0.1538,-0.1176,0.0086,0.0013,-0.0021,632.0,0.0032,0.2296,0.1836,0.0041,0.0224,436.0,-0.1316,-0.1325,535.0,0.0003,-0.0568,1991.0,0.0061,-0.0168,1663817.0,0.0248,-0.037,3027,-0.022,0.0757,0.168,-0.0249,-0.049,0,Non-State,Non-Nation
52,202510,12033,"escambia, fl",339225.0,0.0007,-0.0021,1887,-0.0358,-0.0131,79.0,0.0064,0.0537,510,-0.0761,-0.0192,38,0.4615,0.2667,0.0125,0.0043,0.0027,706.0,0.0537,-0.0167,0.2375,0.0234,0.0031,610.0,-0.0294,-0.0356,195.0,-0.0076,0.0043,1657.0,-0.0112,0.0052,485213.0,-0.0008,-0.0145,2496,-0.0324,-0.0179,0.3233,0.0021,-0.0075,0,Non-State,Non-Nation
53,202510,12055,"highlands, fl",302500.0,-0.0033,-0.032,823,0.0359,0.1774,75.0,-0.0323,-0.0132,236,0.3563,0.5128,4,0.0,-0.3333,0.0033,0.0,-0.0022,220.0,0.1224,0.1224,0.1817,0.0104,-0.0007,179.0,-0.0351,-0.1996,190.0,0.0016,-0.0252,1602.0,-0.0044,-0.0019,351838.0,0.0123,-0.0294,1002,0.0309,0.0897,0.2169,-0.016,-0.1021,0,Non-State,Non-Nation
54,202510,12037,"franklin, fl",675000.0,-0.0052,-0.0343,321,0.0016,0.0682,120.0,-0.0021,-0.0263,54,0.2857,0.8,0,-1.0,-0.24659999999999999,0.0,-0.005,0.0,72.0,0.44,0.5652,0.172,0.0455,0.0444,37.0,0.0429,0.1774,417.0,-0.0348,-0.0427,1620.0,0.0047,-0.0104,930225.0,-0.0081,-0.082,358,0.0056,0.0801,0.1137,0.0045,0.0105,1,Non-State,Non-Nation
55,202510,12123,"taylor, fl",299675.0,0.0789,-0.0545,97,0.0,0.2125,91.0,0.1851,-0.0495,18,0.2857,0.8,0,-0.0238,-0.24659999999999999,0.0,0.0,0.0,28.0,0.5556,1.3333,0.2252,0.0911,0.1074,9.0,-0.4857,-0.25,204.0,0.0061,-0.0661,1469.0,0.0282,0.0688,369301.0,0.0128,-0.0251,106,-0.0661,0.1522,0.0928,-0.0876,-0.0572,1,Non-State,Non-Nation
56,202510,12079,"madison, fl",350000.0,0.0294,-0.0853,66,0.0476,0.5714,74.0,0.1298,-0.0199,12,-0.5,5.0,0,-0.0238,-0.24659999999999999,0.0,0.0,0.0,10.0,-0.1667,0.25,0.108,-0.0097,-0.0444,14.0,0.2727,0.6471,155.0,-0.0381,-0.0518,2047.0,0.0033,0.0175,470663.0,-0.0351,-0.0569,80,0.0811,0.5842,0.2121,0.0375,0.0097,1,Non-State,Non-Nation
57,202510,12101,"pasco, fl",360500.0,-0.0121,-0.011,3670,-0.0065,0.1076,78.0,0.04,0.1471,1056,0.0932,-0.1456,66,0.2222,-0.175,0.0111,0.0022,-0.0024,1626.0,-0.0109,-0.0181,0.2765,-0.0017,-0.0031,1181.0,-0.0831,-0.1426,209.0,-0.0006,-0.0155,1697.0,-0.0026,0.0,438661.0,-0.0037,0.0299,4850,-0.0249,0.0349,0.3218,-0.0269,-0.0939,0,Non-State,Non-Nation
58,202510,12095,"orange, fl",429950.0,-0.0001,-0.0227,5533,-0.0128,0.1477,78.0,0.0263,0.1908,1608,-0.0159,-0.0673,82,-0.0238,0.1714,0.0092,-0.0001,0.0009,2080.0,0.0216,0.0591,0.2321,0.0055,-0.0023,1779.0,0.0079,-0.0308,246.0,0.0,-0.0223,1743.0,-0.0075,0.0084,647192.0,0.0137,0.0001,7290,-0.0095,0.0959,0.3215,0.0066,-0.0592,0,Non-State,Non-Nation
59,202510,12083,"marion, fl",299900.0,0.0,-0.009,4026,0.0162,0.3545,78.0,-0.0189,0.1223,1060,0.06,0.1205,94,0.2703,-0.3286,0.0149,0.0027,-0.0133,1376.0,-0.0484,0.2981,0.2235,-0.015,0.0097,1046.0,0.0034,0.001,182.0,-0.0005,-0.0372,1682.0,0.0006,0.0133,386851.0,0.0153,0.0348,5075,0.0153,0.2647,0.2598,-0.0033,-0.0918,0,Non-State,Non-Nation
60,202510,12105,"polk, fl",340000.0,0.0002,-0.0112,4678,-0.0186,-0.0361,83.0,-0.012,0.1149,1274,0.0274,-0.1262,164,0.4643,-0.4777,0.0217,0.0071,-0.0179,1728.0,0.0447,-0.1047,0.229,0.0117,-0.0145,1577.0,-0.0125,-0.0256,190.0,-0.0013,-0.0363,1820.0,0.0,0.0128,389608.0,0.0023,-0.0178,6266,-0.0143,-0.0312,0.3371,0.0021,0.0036,0,Non-State,Non-Nation
61,202510,12103,"pinellas, fl",429950.0,-0.007,0.0184,7175,-0.0019,0.238,84.0,-0.0289,0.0769,1948,0.0968,0.0318,56,-0.0667,-0.2432,0.0052,-0.0005,-0.0029,2754.0,-0.0108,0.2845,0.2535,-0.0063,0.0213,1687.0,0.0042,0.0852,307.0,-0.0056,-0.0028,1356.0,-0.0004,0.0363,686980.0,-0.0025,0.0663,8864,0.0005,0.2066,0.2351,0.0014,-0.0331,0,Non-State,Non-Nation
62,202510,12119,"sumter, fl",369687.0,-0.0073,-0.058,626,-0.0257,-0.0325,70.0,0.0487,0.12,186,-0.07,-0.1983,4,-0.6,1.0,0.0037,-0.0053,0.0019,278.0,0.1032,0.178,0.2778,0.0401,0.0607,199.0,-0.1535,-0.0502,248.0,0.0005,-0.0133,1573.0,0.0026,-0.0122,457493.0,0.0104,-0.007,821,-0.0644,-0.0404,0.3171,-0.0479,-0.0059,0,Non-State,Non-Nation
63,202510,12067,"lafayette, fl",372250.0,0.0413,-0.1402,15,0.2083,0.1154,104.0,0.0298,0.5257,6,0.02735,-0.0022,0,-0.0238,-0.24659999999999999,0.0,0.0,0.0,2.0,0.0515,-0.5,0.1,0.1,-0.1762,2.0,-0.5,-0.3333,182.0,-0.0095,-0.0188,2158.0,0.0602,0.186,628643.0,-0.008,0.5545,17,0.0313,0.1379,0.1379,-0.1954,-0.0928,1,Non-State,Non-Nation
64,202510,12047,"hamilton, fl",269750.0,-0.0617,0.0944,41,-0.0682,-0.0682,130.0,0.1228,0.2896,8,1.0,0.3333,0,-0.0238,-0.24659999999999999,0.0,0.0,0.0,10.0,0.25,0.6667,0.1645,0.0265,0.0598,9.0,-0.0526,-0.0526,197.0,-0.0449,0.1018,1614.0,-0.0709,0.046,387302.0,-0.0644,0.1459,50,-0.0654,-0.0385,0.2195,0.0036,0.0036,0,Non-State,Non-Nation
65,202510,12061,"indian river, fl",434975.0,0.0235,-0.0279,1628,0.0297,0.0548,79.0,-0.0651,0.0327,446,0.267,0.0985,20,0.6667,0.6667,0.0079,0.0027,0.0027,404.0,0.1412,-0.1062,0.1627,0.0152,-0.0314,430.0,0.0697,0.0997,246.0,0.0114,-0.0501,1754.0,-0.0069,-0.0028,859586.0,0.024,-0.0444,2055,0.0413,0.0678,0.2642,0.0099,0.0108,0,Non-State,Non-Nation
66,202510,12125,"union, fl",366725.0,-0.0335,0.0947,15,0.0357,0.381,100.0,0.3049,0.7009,2,-0.5,-0.6667,0,-0.0238,-0.24659999999999999,0.0,0.0,0.0,10.0,1.5,0.6667,0.4831,0.2945,0.2031,4.0,-0.2,-0.3846,188.0,-0.0294,-0.2595,2028.0,0.0474,0.1818,377336.0,0.0127,-0.0943,19,-0.0263,0.1212,0.2759,-0.0813,-0.3432,0,Non-State,Non-Nation
67,202510,0,N/A,425000.0,0.0,-0.0219,162076,0.001,0.1127,85.0,-0.0286,0.1258,40586,0.0768,-0.0143,2224,0.0202,-0.2304,0.0092,0.0001,-0.0036,50650.0,0.0284,0.0726,0.2091,0.0041,0.0008,39756.0,-0.0382,-0.0086,259.0,-0.0012,-0.0262,1625.0,0.0009,0.0006,827384.0,0.019,-0.0062,201602,-0.0065,0.0868,0.2453,-0.01,-0.03,0,Florida,Non-Nation
68,202510,0,N/A,424200.0,-0.0019,0.004,1100001,-0.0004,0.1528,63.0,0.0163,0.087,384264,-0.0269,0.0508,16334,-0.0428,-0.1977,0.0086,-0.0002,-0.0032,387004.0,0.0043,0.1987,0.2025,0.0036,0.0163,424118.0,-0.0333,0.0148,225.0,-0.0075,-0.0053,1834.0,-0.0033,-0.0003,711654.0,-0.0058,-0.0157,1521079,-0.0093,0.1118,0.3856,-0.0131,-0.0524,0,Non-State,United States
